iteration	average pixel
1	255.000000
100	245.196113
200	241.178771
300	238.259227
400	235.882623
500	233.841086
600	232.031299
700	230.393475
800	228.889468
900	227.493229
