iteration	average pixel
1	255.000000
100	253.564789
200	252.911174
300	252.410376
400	251.988751
500	251.617727
600	251.282623
700	250.974707
800	250.688292
900	250.419428
1000	250.165241
1100	249.923566
1200	249.692723
1300	249.471376
1400	249.258446
1500	249.053043
1600	248.854425
1700	248.661964
1800	248.475125
1900	248.293446
2000	248.116526
2100	247.944013
2200	247.775597
2300	247.611003
2400	247.449986
2500	247.292324
