iteration	average pixel
1	254.504252
100	245.146031
200	241.145640
300	238.233265
400	235.860776
500	233.821966
600	232.014147
700	230.377824
800	228.875008
900	227.479743
1000	226.173387
1100	224.942025
1200	223.774954
