iteration	average pixel
1	254.601329
100	246.806612
200	243.154146
300	240.360465
400	238.012520
500	235.950154
600	234.090664
700	232.384570
800	230.799463
900	229.312775
1000	227.908070
1100	226.572962
1200	225.297862
1300	224.075177
1400	222.898780
1500	221.763650
1600	220.665609
